"DESCRIPTION","DURATION IN MS","NAME","PARENT SUITE","START TIME","STATUS","STOP TIME","SUB SUITE","SUITE","TEST CLASS","TEST METHOD"
"","900","Для создания курьера нужно передать все обязательные поля","tests","2026-09-02","passed","2026-09-02","TestCourierCreation","test_courier_creation","",""
"","957","Создание заказа с разными комбинациями цветов","tests","2026-09-02","passed","2026-09-02","TestCreateOrder","test_create_order","",""
"","1572","Для авторизации нужно передать все обязательные поля","tests","2026-09-02","passed","2026-09-02","TestCourierLogin","test_courier_login","",""
"","861","Список заказов можно отфильтровать по курьеру","tests","2026-09-02","passed","2026-09-02","TestGetOrders","test_get_orders","",""
"","951","Создание заказа с разными комбинациями цветов","tests","2026-09-02","passed","2026-09-02","TestCreateOrder","test_create_order","",""
"","1644","Система вернёт ошибку при неверном логине или пароле","tests","2026-09-02","passed","2026-09-02","TestCourierLogin","test_courier_login","",""
"","898","Для создания курьера нужно передать все обязательные поля","tests","2026-09-02","passed","2026-09-02","TestCourierCreation","test_courier_creation","",""
"","15097","В тело ответа возвращается список заказов","tests","2026-09-02","passed","2026-09-02","TestGetOrders","test_get_orders","",""
"","1005","Создание заказа с разными комбинациями цветов","tests","2026-09-02","passed","2026-09-02","TestCreateOrder","test_create_order","",""
"","1732","Нельзя создать двух одинаковых курьеров","tests","2026-09-02","passed","2026-09-02","TestCourierCreation","test_courier_creation","",""
"","798","Если авторизоваться под несуществующим пользователем, возвращается ошибка","tests","2026-09-02","passed","2026-09-02","TestCourierLogin","test_courier_login","",""
"","952","Курьер может авторизоваться","tests","2026-09-02","passed","2026-09-02","TestCourierLogin","test_courier_login","",""
"","913","Курьера можно создать","tests","2026-09-02","passed","2026-09-02","TestCourierCreation","test_courier_creation","",""
"","998","Создание заказа с разными комбинациями цветов","tests","2026-09-02","passed","2026-09-02","TestCreateOrder","test_create_order","",""
